chunk_index,comments
0,"[{'position': 0, 'comment': ""The repetition of 'Pharmacokinetics' at the beginning of the sentence seems to be a typographical error or an unnecessary repetition. Consider removing one instance."", 'chunk_index': 0}, {'position': 93, 'comment': ""The parenthetical note on the origin of the term 'Pharmacokinetics' could be moved to a footnote or endnote to improve readability."", 'chunk_index': 0}, {'position': 182, 'comment': ""The phrase 'see chemical kinetics' is somewhat abrupt. Consider integrating it into the sentence more smoothly, for example: 'drawing parallels to chemical kinetics'."", 'chunk_index': 0}, {'position': 254, 'comment': 'Consider splitting this sentence into two for clarity. It is quite long and contains multiple ideas.', 'chunk_index': 0}, {'position': 417, 'comment': ""The statement 'the fate of a chemical from the moment that it is administered up to the point at which it is completely eliminated from the body' is quite wordy. Consider rephrasing for conciseness, e.g., 'the journey of a chemical from administration to complete elimination'."", 'chunk_index': 0}, {'position': 482, 'comment': ""'Pharmaceutical drugs, pesticides, food additives, cosmetics, etc.' is a list that might benefit from further elaboration depending on the context or audience. If the list is non-exhaustive, consider using 'among others' rather than 'etc.'"", 'chunk_index': 0}, {'position': 540, 'comment': ""The sentence ends abruptly with 'Pharmacokinetics is based on'. Ensure the next part of the text completes this thought."", 'chunk_index': 0}]"
1,"[{'position': 0, 'comment': 'The sentence is quite long and could be clearer with a slight restructuring and breaking into two sentences. Consider revising for clarity.', 'chunk_index': 1}, {'position': 135, 'comment': 'The phrase ""an organism"" might be vague. Consider specifying the type of organism or context to improve clarity.', 'chunk_index': 1}, {'position': 211, 'comment': ""Consider defining the acronym 'PK' right before 'PD' for consistency, as you've done with 'PD'."", 'chunk_index': 1}, {'position': 295, 'comment': ""The phrase 'a number of phases' is somewhat vague. Consider specifying how many phases or adding some detail on what 'phases' refers to here."", 'chunk_index': 1}, {'position': 310, 'comment': 'The sentence structure here is complex due to the embedded structures. Consider breaking this sentence into simpler, shorter ones for improved readability.', 'chunk_index': 1}, {'position': 371, 'comment': ""The structure 'ADME (or LADME' might be confusing for readers unfamiliar with the terms. Consider explaining what each letter stands for and why 'liberation' might be considered separately."", 'chunk_index': 1}]"
2,"[{'position': 0, 'comment': ""The use of a long dash and the structure in this sentence is somewhat abrupt without an introductory phrase. Consider starting with 'Liberation refers to the process...'"", 'chunk_index': 2}, {'position': 58, 'comment': 'Replace period with a comma to improve flow and connection between ideas in this list.', 'chunk_index': 2}, {'position': 59, 'comment': ""Consider rephrasing for clarity: 'Absorption pertains to the process...'"", 'chunk_index': 2}, {'position': 74, 'comment': 'Add a period at the end of this sentence for consistency.', 'chunk_index': 2}, {'position': 209, 'comment': 'The sentence is missing a period at the end to separate it from the next point in the list.', 'chunk_index': 2}, {'position': 210, 'comment': ""Reword for clarity: 'Metabolism, also known as biotransformation or inactivation, involves chemical reactions...'"", 'chunk_index': 2}, {'position': 327, 'comment': ""Suggestion: Specify what is meant by 'removal' for improved clarity, such as 'elimination through the kidneys or liver.'"", 'chunk_index': 2}, {'position': 415, 'comment': 'The sentence is incomplete. Consider completing the idea or removing this fragment.', 'chunk_index': 2}]"
3,"[{'position': 0, 'comment': 'The sentence starts without a capital letter. Capitalize the first letter to maintain grammatical correctness.', 'chunk_index': 3}, {'position': 47, 'comment': 'A citation is needed to substantiate the claim that drugs irreversibly accumulate in body tissue. Consider providing a reference or removing the statement.', 'chunk_index': 3}, {'position': 97, 'comment': 'This sentence is somewhat unclear. Consider rephrasing it for clarity. Suggested revision: ""Some textbooks combine the first two phases since drugs are often administered in an active form, thereby skipping a liberation phase.""', 'chunk_index': 3}, {'position': 282, 'comment': 'Consider adding transition words to improve the flow and linkage between sentences. For example, ""Additionally, other authors...""', 'chunk_index': 3}, {'position': 372, 'comment': ""The term 'elimination' is briefly mentioned without explanation earlier. Consider elaborating on what the elimination phase entails to aid understanding."", 'chunk_index': 3}, {'position': 468, 'comment': 'The sentence is incomplete, ending abruptly. Provide additional information or a conclusion to complete the thought.', 'chunk_index': 3}]"
4,"[{'position': 0, 'comment': 'The phrase ""order to understand the process dynamics"" is incomplete. It seems to be missing a subject or an introductory word such as ""In order"".', 'chunk_index': 4}, {'position': 16, 'comment': 'The phrases ""in order to"" and ""in order to fully comprehend"" are repetitive. Consider removing one for conciseness.', 'chunk_index': 4}, {'position': 113, 'comment': 'The list of factors is separated by commas with an ""or"" at the end, suggesting it might not be a complete list. Ensure parallelism or consistency in the list structure.', 'chunk_index': 4}, {'position': 210, 'comment': 'The phrase ""Metrics The following are"" lacks punctuation or transition. Consider adding a period or a transition phrase for clarity, such as ""Metrics: The following are"".', 'chunk_index': 4}, {'position': 274, 'comment': 'There seems to be a missing element after ""and"" as the sentence ends abruptly. Check for missing information or an incomplete explanation.', 'chunk_index': 4}]"
5,"[{'position': 0, 'comment': ""Consider starting the sentence as 'To express the metrics' for improved clarity and readability."", 'chunk_index': 5}, {'position': 46, 'comment': ""'Amount of substance' should be in lowercase as it is not a proper noun."", 'chunk_index': 5}, {'position': 174, 'comment': 'Be explicit about what kind of scaling is meant: proportional, standard, or conversion scaling.', 'chunk_index': 5}, {'position': 257, 'comment': ""Revise 'fairly in dynamic equilibrium' to 'in a state of dynamic equilibrium for improved clarity.'"", 'chunk_index': 5}, {'position': 307, 'comment': ""Reconsider the use of 'in practice' as it introduces colloquialism which may not be necessary for scientific writing. Consider rephrasing to 'Typically, it is considered that...'."", 'chunk_index': 5}, {'position': 448, 'comment': ""The sentence is cut off and incomplete. Ensure that the understanding of how the 'steady state' duration of 3 to 5 times is measured is included."", 'chunk_index': 5}]"
6,"[{'position': 0, 'comment': 'The text begins abruptly without a clear introduction to the subject of pharmacokinetics. Consider adding introductory sentences to provide context.', 'chunk_index': 6}, {'position': 10, 'comment': ""The term 'AUCτ=AUC∞' should be explained or defined if this is intended for a broader audience who may not be familiar with pharmacokinetic symbols."", 'chunk_index': 6}, {'position': 20, 'comment': 'There is an abrupt transition between discussing half-life and modeling. Consider using transitional phrases or sentences to improve flow and coherence.', 'chunk_index': 6}, {'position': 100, 'comment': ""The phrase 'Modeling Models' is redundant and confusing. Consider removing one of the words to avoid repetition. Use either 'Modeling' or 'Models'."", 'chunk_index': 6}, {'position': 168, 'comment': ""Clarify the meaning of 'many processes'. Be specific about which processes are being referred to in the context of pharmacokinetics."", 'chunk_index': 6}, {'position': 217, 'comment': ""The term 'noncompartmental or compartmental methods' could benefit from a brief explanation or example for clarity."", 'chunk_index': 6}, {'position': 289, 'comment': ""'Multi-compartment models provide the best approximations to reality...' should provide reasons or examples to support this claim and explain why these models are complex."", 'chunk_index': 6}, {'position': 335, 'comment': ""The use of a semicolon here is appropriate, but it can be avoided for clarity by starting a new sentence: 'However, the complexity...'"", 'chunk_index': 6}, {'position': 402, 'comment': ""The phrase 'monocompartmental models and above all two compartmental models' is awkward and can be simplified to 'single-compartmental models, especially two-compartment models,' to improve conciseness."", 'chunk_index': 6}, {'position': 454, 'comment': 'Consider explaining why two-compartment models are most frequently used to give readers a better understanding of their advantages.', 'chunk_index': 6}, {'position': 492, 'comment': ""The sentence ends abruptly with 'for example, in', which feels incomplete. Please clarify or complete the example to maintain understanding."", 'chunk_index': 6}]"
7,"[{'position': 0, 'comment': 'The sentence starts without a capital letter, making the beginning of the text unclear. A subject should also be introduced.', 'chunk_index': 7}, {'position': 88, 'comment': 'The parenthesis opens but never closes, creating confusion about the scope of the aside and making the sentence structure seem incomplete.', 'chunk_index': 7}, {'position': 107, 'comment': 'Consider splitting this long sentence into shorter ones for better readability. For instance: ""This is crucial for human-health professionals and veterinary medicine.""', 'chunk_index': 7}, {'position': 253, 'comment': 'The phrase ""take the form of"" could be replaced with ""are expressed as"" for more clarity and conciseness.', 'chunk_index': 7}, {'position': 317, 'comment': 'Consider rephrasing for conciseness. For example, ""The models help understand a molecule\'s characteristics and predict a drug\'s behavior based on properties like pKa, bioavailability, solubility, and absorption capacity.""', 'chunk_index': 7}, {'position': 324, 'comment': 'The word ""allow"" could be replaced with ""enable"" for clearer conveyance of provision or ability.', 'chunk_index': 7}, {'position': 458, 'comment': 'The sentence ends abruptly without completing the list or concluding the thought. Include more information or a concluding sentence to enhance understandability.', 'chunk_index': 7}]"
8,"[{'position': 0, 'comment': ""The introduction of the excerpt is abrupt, starting mid-sentence. Begin with a complete sentence to provide context to 'distribution in the organism'."", 'chunk_index': 8}, {'position': 30, 'comment': ""Consider replacing 'a variety of analysis techniques may be used to' with 'various analysis techniques can develop' for conciseness."", 'chunk_index': 8}, {'position': 46, 'comment': ""The terms 'nonlinear regression' and 'curve stripping' are not explained. Consider briefly defining these terms or providing context, especially if the audience may not be familiar with advanced statistical methods."", 'chunk_index': 8}, {'position': 101, 'comment': '\'Noncompartmental analysis Noncompartmental methods\' suggests a formatting error or redundancy between the terms. Consider rephrasing to ""Noncompartmental methods in pharmacokinetics estimate..."" to improve readability.', 'chunk_index': 8}, {'position': 160, 'comment': ""Replace 'from a table of concentration-time measurements' with 'from concentration-time data' to maintain conciseness."", 'chunk_index': 8}, {'position': 184, 'comment': 'The transition between methods and their applications could be stated more clearly. Consider adding a transition sentence like: ""These methods are popular because they provide...""', 'chunk_index': 8}, {'position': 285, 'comment': ""Consider adding a brief explanation or a footnote regarding what 'bioequivalence studies' entail, as this might not be obvious to all readers."", 'chunk_index': 8}, {'position': 336, 'comment': ""The phrase 'Total drug exposure is most often estimated by' is slightly unclear. Simplify to 'Total drug exposure is typically measured using AUC methods,' to improve clarity."", 'chunk_index': 8}, {'position': 390, 'comment': ""Introduce 'area under the curve (AUC)' before using the abbreviation to maintain clarity for those unfamiliar with the term."", 'chunk_index': 8}, {'position': 452, 'comment': ""The phrase 'Due to the dependence on the length of x in' is unfinished. Ensure to complete this thought to maintain coherence and meaning of the last sentence."", 'chunk_index': 8}]"
9,"[{'position': 0, 'comment': 'The beginning of this sentence should be capitalized to ""The trapezoidal rule…"" for proper grammar.', 'chunk_index': 9}, {'position': 75, 'comment': 'Consider adding ""in pharmacokinetics"" after ""The trapezoidal rule"" to specify the context of discussion.', 'chunk_index': 9}, {'position': 117, 'comment': 'The phrase ""blood/plasma sampling schedule"" could be clarified. Consider specifying whether it refers to the frequency, timings, or duration of the sampling.', 'chunk_index': 9}, {'position': 154, 'comment': 'Replace ""That is"" with ""In other words,"" for a smoother and more formal transition.', 'chunk_index': 9}, {'position': 161, 'comment': 'The explanation of the relationship between time points and trapezoidal approximation can be made more concise. Consider rephrasing to ""The closer the time points are, the more accurately the trapezoids represent the concentration-time curve.""', 'chunk_index': 9}, {'position': 295, 'comment': '""NCA"" should be expanded to ""non-compartmental analysis"" at first mention to ensure clarity for all readers.', 'chunk_index': 9}, {'position': 412, 'comment': 'The list ""absorption, distribution, and elimination phase"" should be ""phases"" to agree in number with the nouns described.', 'chunk_index': 9}, {'position': 423, 'comment': 'In the phrase ""to accurately characterize the drug,"" consider specifying ""pharmacokinetic profile of the drug"" for precision.', 'chunk_index': 9}, {'position': 465, 'comment': 'Consider using ""in addition to"" instead of ""beyond"" for better flow.', 'chunk_index': 9}, {'position': 466, 'comment': '""AUC exposure measures"" could be defined for clarity. Consider specifying it as ""AUC (area under the concentration-time curve) exposure measures.""', 'chunk_index': 9}, {'position': 546, 'comment': 'The sentence structure toward the end is somewhat lengthy. Consider breaking it down for clarity: ""Using NCA methods, parameters such as Cmax (maximum concentration), Tmax (time to maximum concentration), clearance (CL), and volume of distribution (Vd) can also be reported.""', 'chunk_index': 9}]"
